{
  "productsData": [
    {
        "productId": 9, "productName": "Red T-Shirt Chota Bheem for Kids", "price": 100, "imagePath": "/projects/angular4-shopping-cart/assets/images/t-shirt-red.jpg",
        "description": "Lorem ipsum dolor sit amet, consectetur adipiscing elit. Ut faucibus, neque sit amet ultricies cursus, augue turpis pulvinar orci, quis aliquet nibh justo eget enim. Vivamus tristique, sem sed rutrum blandit, magna velit feugiat quam, non ultrices dui velit id felis. Pellentesque placerat leo vitae orci pulvinar, et tristique nunc tristique. Donec felis diam, sagittis ac feugiat aliquet, eleifend vel risus. Quisque id ornare nisi, et fringilla mauris. Cras porta, risus id tempus accumsan, orci felis malesuada neque, at eleifend enim eros rutrum sapien. Nulla pretium pretium mauris, ut lobortis est. Integer venenatis nibh vitae libero consectetur, sed facilisis nisi iaculis. Nam consequat nulla lacus, sit amet ultrices ligula dapibus laoreet. Suspendisse varius consequat sapien at facilisis. Curabitur et dolor sit amet nisi pulvinar condimentum.", 
        "status": true, "productCategoryId": 1, "extract":"Pillalamdariki favorite kaartuun show Chota Bheem kada. Ut faucibus, neque sit amet ultricies"
    },
    {
        "productId": 10, "productName": "Palazzo Skirts for Women", "price": 200, "imagePath": "/projects/angular4-shopping-cart/assets/images/Abstract2.jpg",
        "description": "Mauris orci nisl, ultricies eget egestas et, aliquam sit amet ipsum. Praesent accumsan ornare quam eu rutrum. Cras velit risus, semper sed vulputate a, ornare at lectus. Integer ullamcorper ante nec dolor condimentum interdum. Vivamus pretium diam vitae ullamcorper dapibus. Aenean porta mattis nulla, a dignissim sem pretium id. Aenean eget feugiat sem. Etiam tristique in metus et lacinia. Phasellus sit amet sem leo. Sed ac arcu vitae leo tincidunt lobortis.", 
        "status": true, "productCategoryId": 1, "extract":"Mana deshamlo new trend is Palazzo skirts. They are decent and beautiful. liquam sit amet ipsum."
    },
    {
        "productId": 11, "productName": "Custom Printed Salwar Suits", "price": 300, "imagePath": "/projects/angular4-shopping-cart/assets/images/Abstract3.jpg",
        "description": "Aenean libero mauris, hendrerit vel est vitae, pellentesque hendrerit ante. Fusce pharetra, massa sit amet semper feugiat, justo massa gravida turpis, non scelerisque enim lacus in nibh. Praesent eget ipsum odio. Phasellus et massa hendrerit, suscipit nulla in, hendrerit justo. Duis auctor leo molestie elit pretium molestie. Ut et diam efficitur, commodo enim nec, pharetra magna. Ut mattis risus eros, id luctus diam dictum sed. Nullam vitae risus sit amet felis fermentum dapibus. <p></p>Phasellus pulvinar urna elit, vitae porttitor arcu luctus et. Sed tincidunt ante vitae sollicitudin semper. Aliquam in dui non lorem mollis placerat. Donec erat velit, rhoncus et pharetra vel, pharetra vel arcu. Suspendisse rutrum efficitur tortor, sed feugiat sapien ultrices a. Proin sit amet justo massa. Fusce volutpat urna et odio mattis auctor id et quam.", 
        "status": true, "productCategoryId": 1, "extract":"Mana India lo Salwars best dresses for Women. hendrerit vel est vitae aliquam sit amet ipsum."
    },

    {
        "productId": 12, "productName": "My Summer in Tirupathi", "price": 400, "imagePath": "/projects/angular4-shopping-cart/assets/images/Abstract4.jpg",
        "description": "Pellentesque porttitor vel quam ac sagittis. Fusce nisl arcu, pulvinar quis pretium ac, maximus eget erat. Curabitur massa augue, dapibus sit amet massa quis, ultricies elementum dolor. Sed sed laoreet eros. Morbi et cursus lectus. Morbi sodales ligula vel orci volutpat dictum. Phasellus auctor augue ante, non luctus ipsum pretium quis. Sed bibendum mollis ipsum, elementum egestas urna egestas quis. Nam eu commodo neque, non eleifend metus. Nam dapibus cursus tellus sit amet pretium. Nulla congue lacus tortor, et feugiat magna fringilla vitae. Sed facilisis ligula eros, eget convallis nunc ornare et. In nec sodales lorem, pulvinar volutpat arcu. Mauris pretium aliquam tortor, sed viverra lacus.", 
        "status": true, "productCategoryId": 2, "extract":"Tirupathi lo oka vaaram rojulu undi chudandi. Divine feeling vastundi. Pulvinar quis pretium ac"
    },

    {
        "productId": 13, "productName": "Lessons Today", "price": 500, "imagePath": "/projects/angular4-shopping-cart/assets/images/Abstract1.jpg",
        "description": "Nulla enim est, porta eget dictum eu, commodo id orci. Curabitur molestie placerat nisl et vulputate. Nunc hendrerit felis quam, eget dignissim ex semper vitae. Aenean at ipsum convallis, feugiat nisl at, lobortis odio. Curabitur fringilla viverra neque, quis luctus turpis. Quisque id sapien nulla. Nunc egestas arcu erat, et rhoncus diam rutrum eget. Donec blandit rhoncus diam, vitae finibus enim mollis sed. Integer elementum facilisis enim, eu congue odio luctus ut. Aliquam id viverra quam, nec fringilla libero. Etiam ac risus mollis, ullamcorper nibh eget, efficitur massa. Cras vitae eros id tortor eleifend lobortis. In efficitur scelerisque neque et porttitor. Sed eu augue luctus, consectetur erat a, accumsan erat. Donec commodo suscipit est, sed vehicula enim tincidunt sed. Suspendisse non est urna.", 
        "status": true, "productCategoryId": 2, "extract":"Oreyi Rangababu chadukovadinik raara. Hw evaru chestaru. Curabitur molestie placerat nisl et vulputate."
    },

    {
        "productId": 14, "productName": "Gems Studded Wedding Ornaments", "price": 700, "imagePath": "/projects/angular4-shopping-cart/assets/images/Abstract8.jpg",
        "description": "Nulla enim est, porta eget dictum eu, commodo id orci. Curabitur molestie placerat nisl et vulputate. Nunc hendrerit felis quam, eget dignissim ex semper vitae. Aenean at ipsum convallis, feugiat nisl at, lobortis odio. Curabitur fringilla viverra neque, quis luctus turpis. Quisque id sapien nulla. Nunc egestas arcu erat, et rhoncus diam rutrum eget. Donec blandit rhoncus diam, vitae finibus enim mollis sed. Integer elementum facilisis enim, eu congue odio luctus ut. Aliquam id viverra quam, nec fringilla libero. Etiam ac risus mollis, ullamcorper nibh eget, efficitur massa. Cras vitae eros id tortor eleifend lobortis. In efficitur scelerisque neque et porttitor. Sed eu augue luctus, consectetur erat a, accumsan erat. Donec commodo suscipit est, sed vehicula enim tincidunt sed. Suspendisse non est urna.", 
        "status": true, "productCategoryId": 3, "extract":"Maa Sri Krishnudu kooda Radha laaga entha andamga ready ayyevadu. Acerat nisl et vulputate."
    },

    {
        "productId": 15, "productName": "Gold Bracelets for Women", "price": 600, "imagePath": "/projects/angular4-shopping-cart/assets/images/Abstract10.jpg",
        "description": "Nulla enim est, porta eget dictum eu, commodo id orci. Curabitur molestie placerat nisl et vulputate. Nunc hendrerit felis quam, eget dignissim ex semper vitae. Aenean at ipsum convallis, feugiat nisl at, lobortis odio. Curabitur fringilla viverra neque, quis luctus turpis. Quisque id sapien nulla. Nunc egestas arcu erat, et rhoncus diam rutrum eget. Donec blandit rhoncus diam, vitae finibus enim mollis sed. Integer elementum facilisis enim, eu congue odio luctus ut. Aliquam id viverra quam, nec fringilla libero. Etiam ac risus mollis, ullamcorper nibh eget, efficitur massa. Cras vitae eros id tortor eleifend lobortis. In efficitur scelerisque neque et porttitor. Sed eu augue luctus, consectetur erat a, accumsan erat. Donec commodo suscipit est, sed vehicula enim tincidunt sed. Suspendisse non est urna.", 
        "status": true, "productCategoryId": 3, "extract":"Nee bangaram ganu. Eee lorum ipsum chetta badulu telugu lo edaina rasukovachu. placerat nisl et vulputate."
    },

    {
        "productId": 16, "productName": "Classic Ruby Pendants", "price": 800, "imagePath": "/projects/angular4-shopping-cart/assets/images/Abstract12.jpg",
        "description": "Nulla enim est, porta eget dictum eu, commodo id orci. Curabitur molestie placerat nisl et vulputate. Nunc hendrerit felis quam, eget dignissim ex semper vitae. Aenean at ipsum convallis, feugiat nisl at, lobortis odio. Curabitur fringilla viverra neque, quis luctus turpis. Quisque id sapien nulla. Nunc egestas arcu erat, et rhoncus diam rutrum eget. Donec blandit rhoncus diam, vitae finibus enim mollis sed. Integer elementum facilisis enim, eu congue odio luctus ut. Aliquam id viverra quam, nec fringilla libero. Etiam ac risus mollis, ullamcorper nibh eget, efficitur massa. Cras vitae eros id tortor eleifend lobortis. In efficitur scelerisque neque et porttitor. Sed eu augue luctus, consectetur erat a, accumsan erat. Donec commodo suscipit est, sed vehicula enim tincidunt sed. Suspendisse non est urna.", 
        "status": true, "productCategoryId": 3, "extract":"Pendantu kavala. Sare maa shop ki vasthe istanu. placerat nisl et vulputate."
    },

    {
        "productId": 17, "productName": "Earrings in Pure Amethyst", "price": 900, "imagePath": "/projects/angular4-shopping-cart/assets/images/Abstract11.jpg",
        "description": "Nulla enim est, porta eget dictum eu, commodo id orci. Curabitur molestie placerat nisl et vulputate. Nunc hendrerit felis quam, eget dignissim ex semper vitae. Aenean at ipsum convallis, feugiat nisl at, lobortis odio. Curabitur fringilla viverra neque, quis luctus turpis. Quisque id sapien nulla. Nunc egestas arcu erat, et rhoncus diam rutrum eget. Donec blandit rhoncus diam, vitae finibus enim mollis sed. Integer elementum facilisis enim, eu congue odio luctus ut. Aliquam id viverra quam, nec fringilla libero. Etiam ac risus mollis, ullamcorper nibh eget, efficitur massa. Cras vitae eros id tortor eleifend lobortis. In efficitur scelerisque neque et porttitor. Sed eu augue luctus, consectetur erat a, accumsan erat. Donec commodo suscipit est, sed vehicula enim tincidunt sed. Suspendisse non est urna.", 
        "status": true, "productCategoryId": 3, "extract":"Chevulaku manchi manchi kammalu bagane untayi.placerat nisl et vulputate."
    },

    {
        "productId": 18, "productName": "Rama Ring in Peridot", "price": 1000, "imagePath": "/projects/angular4-shopping-cart/assets/images/Abstract14.jpg",
        "description": "Nulla enim est, porta eget dictum eu, commodo id orci. Curabitur molestie placerat nisl et vulputate. Nunc hendrerit felis quam, eget dignissim ex semper vitae. Aenean at ipsum convallis, feugiat nisl at, lobortis odio. Curabitur fringilla viverra neque, quis luctus turpis. Quisque id sapien nulla. Nunc egestas arcu erat, et rhoncus diam rutrum eget. Donec blandit rhoncus diam, vitae finibus enim mollis sed. Integer elementum facilisis enim, eu congue odio luctus ut. Aliquam id viverra quam, nec fringilla libero. Etiam ac risus mollis, ullamcorper nibh eget, efficitur massa. Cras vitae eros id tortor eleifend lobortis. In efficitur scelerisque neque et porttitor. Sed eu augue luctus, consectetur erat a, accumsan erat. Donec commodo suscipit est, sed vehicula enim tincidunt sed. Suspendisse non est urna.", 
        "status": true, "productCategoryId": 3, "extract":"Sri Ramachandrudiki ilanti ringu undedemo. Sitamma ki ichi pampinchadu, mana Hanuman tho. Placerat nisl et vulputate."
    }


]
}